category;flesch_ease;fk_grade;smog;gunning_fog;dale_chall;difficult_words_ratio;avg_sentence_length;vague_word_ratio
15 year old - low;80.36313202102443;4.558604555292181;8.460557738077197;5.827847057611049;8.576661022364217;0.09584664536741214;8.236842105263158;0.02875399361022364
15yearold - high;66.38923598820061;7.742342182890859;10.380263240014207;9.59598820058997;9.309448259587022;0.1467551622418879;13.372549019607844;0.02064896755162242
adult - low;77.24147058823532;5.3982961460446255;7.6298220110433;6.807302231237323;8.537046653144017;0.1323529411764706;10.363636363636363;0.008823529411764706
adult - moderate to high;71.50261180679787;5.751317829457367;9.265573868473778;8.620393559928443;8.78000244484198;0.16279069767441862;9.923076923076923;0.03875968992248062
