category,flesch_ease,fk_grade,smog,gunning_fog,dale_chall,difficult_words_ratio,avg_sentence_length,vague_word_ratio
youth,47.62083876512466,10.60091935582339,12.620395263825902,12.983643055470765,10.53792166157207,0.0971021860701576,13.795823665893272,0.09412572998969426
middleAged,43.74786083238723,10.859261100371292,12.639758747679615,13.102167397997277,10.530692369613469,0.10791957324579401,12.6875,0.11625982623086471
senior,43.316453207556094,10.596485294897246,12.173171461880148,12.513563565037611,11.129698866708683,0.09541454377026401,10.95959595959596,0.12796649604467195
