category;flesch_ease;fk_grade;smog;gunning_fog;dale_chall;difficult_words_ratio;avg_sentence_length;vague_word_ratio
youth;48.627171838854906;10.474058483585683;12.529389318010114;12.8548123898683;10.464748731589042;0.09128978224455611;13.905092592592593;0.09305484802173544
middleAged;43.74786083238723;10.859261100371292;12.639758747679615;13.102167397997277;10.530692369613469;0.10791957324579401;12.6875;0.11625982623086471
senior;43.316453207556094;10.596485294897246;12.173171461880148;12.513563565037611;11.129698866708683;0.09541454377026401;10.95959595959596;0.12796649604467195
